Workbook

Sheet Fotogramas
A1: Validacion glass-to-glass manual - ETH_IPERF3_Carga220
A2: Grupo: ETHERNET_IPERF3 | Video origen: v5 | Muestras leidas: 18
A4: No fotograma | B4: P leido (ms, mod 100000) | C4: U leido (ms, mod 100000) | D4: Diferencia bruta U-P (ms) | E4: t sesion CSV emparejado (s) | F4: Latencia software en ese instante (ms) | G4: Residual emparejamiento (ms) | H4: Offset reconstruido (ms) | I4: Latencia manual (ms) | J4: Atipica? | K4: Incluida en estadistica (ms)
A5: 1 | B5: 98794 | C5: 96170 | D5: =MOD(C5-B5+50000,100000)-50000 -> -2624 | E5: 56.23 | F5: 9.4 | G5: 33 | H5: -2655.4 | I5: =D5-H5 -> 31.4 | J5: No | K5: =IF(J5="Si","",I5) -> 31.4
A6: 2 | B6: 14182 | C6: 11588 | D6: =MOD(C6-B6+50000,100000)-50000 -> -2594 | E6: 71.61 | F6: 6.6 | G6: 34 | H6: -2655.6 | I6: =D6-H6 -> 61.6 | J6: No | K6: =IF(J6="Si","",I6) -> 61.6
A7: 3 | B7: 29671 | C7: 27048 | D7: =MOD(C7-B7+50000,100000)-50000 -> -2623 | E7: 87.09 | F7: -1.2 | G7: 34 | H7: -2655.8 | I7: =D7-H7 -> 32.8 | J7: No | K7: =IF(J7="Si","",I7) -> 32.8
A8: 4 | B8: 45058 | C8: 42445 | D8: =MOD(C8-B8+50000,100000)-50000 -> -2613 | E8: 102.49 | F8: 7.4 | G8: 34 | H8: -2656.4 | I8: =D8-H8 -> 43.4 | J8: No | K8: =IF(J8="Si","",I8) -> 43.4
A9: 5 | B9: 60482 | C9: 57857 | D9: =MOD(C9-B9+50000,100000)-50000 -> -2625 | E9: 17.99 | F9: 1.5 | G9: 44 | H9: -2649.5 | I9: =D9-H9 -> 24.5 | J9: No | K9: =IF(J9="Si","",I9) -> 24.5
A10: 6 | B10: 75900 | C10: 73283 | D10: =MOD(C10-B10+50000,100000)-50000 -> -2617 | E10: 33.4 | F10: -5.1 | G10: 47 | H10: -2652.9 | I10: =D10-H10 -> 35.9 | J10: No | K10: =IF(J10="Si","",I10) -> 35.9
A11: 7 | B11: 91322 | C11: 88694 | D11: =MOD(C11-B11+50000,100000)-50000 -> -2628 | E11: 48.83 | F11: 7.2 | G11: 47 | H11: -2655.2 | I11: =D11-H11 -> 27.2 | J11: No | K11: =IF(J11="Si","",I11) -> 27.2
A12: 8 | B12: 6710 | C12: 4091 | D12: =MOD(C12-B12+50000,100000)-50000 -> -2619 | E12: 64.22 | F12: 4.3 | G12: 47 | H12: -2655.3 | I12: =D12-H12 -> 36.3 | J12: No | K12: =IF(J12="Si","",I12) -> 36.3
A13: 9 | B13: 22164 | C13: 19545 | D13: =MOD(C13-B13+50000,100000)-50000 -> -2619 | E13: 79.67 | F13: 2.7 | G13: 48 | H13: -2655.7 | I13: =D13-H13 -> 36.7 | J13: No | K13: =IF(J13="Si","",I13) -> 36.7
A14: 10 | B14: 37586 | C14: 34966 | D14: =MOD(C14-B14+50000,100000)-50000 -> -2620 | E14: 95.11 | F14: 23.1 | G14: 47 | H14: -2656.1 | I14: =D14-H14 -> 36.1 | J14: No | K14: =IF(J14="Si","",I14) -> 36.1
A15: 11 | B15: 52974 | C15: 50354 | D15: =MOD(C15-B15+50000,100000)-50000 -> -2620 | E15: 110.48 | F15: 0.5 | G15: 47 | H15: -2656.5 | I15: =D15-H15 -> 36.5 | J15: No | K15: =IF(J15="Si","",I15) -> 36.5
A16: 12 | B16: 68430 | C16: 65807 | D16: =MOD(C16-B16+50000,100000)-50000 -> -2623 | E16: 125.93 | F16: 0.9 | G16: 46 | H16: -2656.9 | I16: =D16-H16 -> 33.9 | J16: No | K16: =IF(J16="Si","",I16) -> 33.9
... A22: 18 | B22: 45536 | C22: 42906 | D22: =MOD(C22-B22+50000,100000)-50000 -> -2630 | E22: 203.03 | F22: -4.8 | G22: 47 | H22: -2659.2 | I22: =D22-H22 -> 29.2 | J22: No | K22: =IF(J22="Si","",I22) -> 29.2

Sheet Resumen
A1: Resumen estadistico - ETH_IPERF3_Carga220
A4: Metodo | B4: Manual (fotogramas) | C4: Software (sesion CSV completa) | D4: Diferencia (Manual - Software)
A5: N muestras validas | B5: =COUNT(Fotogramas!K5:K22) -> 18 | C5: 9143 | D5: =B5-C5 -> -9125
A6: Media (ms) | B6: =AVERAGE(Fotogramas!K5:K22) -> 34.422222 | C6: 2.54 | D6: =B6-C6 -> 31.882222
A7: Mediana (ms) | B7: =MEDIAN(Fotogramas!K5:K22) -> 33.35 | C7: 2.3 | D7: =B7-C7 -> 31.05
A8: Desv. tipica muestral (ms) | B8: =STDEV(Fotogramas!K5:K22) -> 8.3870036 | C8: 5.16 | D8: =B8-C8 -> 3.2270036
A9: P95 (ms) | B9: =PERCENTILE(Fotogramas!K5:K22,0.95) -> 46.13 | C9: 9.4 | D9: =B9-C9 -> 36.73
A10: P99 (ms) | B10: =PERCENTILE(Fotogramas!K5:K22,0.99) -> 58.506 | C10: 14.02 | D10: =B10-C10 -> 44.486
A11: Minimo (ms) | B11: =MIN(Fotogramas!K5:K22) -> 24.5 | C11: -12 | D11: =B11-C11 -> 36.5
A12: Maximo (ms) | B12: =MAX(Fotogramas!K5:K22) -> 61.6 | C12: 142.9 | D12: =B12-C12 -> -81.3
A14: Muestras excluidas por atipicas (posible error de lectura de digito, >4xMAD respecto a la mediana): ninguna.
A15: Nota metodologica: 'Latencia software' es la latencia interna medida por VideoLatencyMedidor.cs (captura del robot -> recepcion en Unity). 'Latencia manual' anade ademas el salto fisico Unity -> refresco de la pantalla -> camara passthrough del Quest 2 -> lectura del fotograma, por lo que un sesgo positivo sistematico de entre +25 y +45 ms frente al software es el resultado esperado, no un error de metodo.
