Workbook

Sheet Resumen
A1: M2 — Resumen comparativo entre condiciones de red
A3: Métrica | B3: C1_Ethernet_Sin_Carga | C3: C2_Ethernet_Carga_Media | D3: C3_Ethernet_Carga_Alta
A4: Tiempo de realización (mm:ss) | B4: ='C1_Ethernet_Sin_Carga'!B8 | C4: ='C2_Ethernet_Carga_Media'!B8 | D4: ='C3_Ethernet_Carga_Alta'!B8
A5: Media e_x (mm) | B5: ='C1_Ethernet_Sin_Carga'!B41 | C5: ='C2_Ethernet_Carga_Media'!B41 | D5: ='C3_Ethernet_Carga_Alta'!B41
A6: Desv. típica e_x (mm) | B6: ='C1_Ethernet_Sin_Carga'!B42 | C6: ='C2_Ethernet_Carga_Media'!B42 | D6: ='C3_Ethernet_Carga_Alta'!B42
A7: Media e_y (mm) | B7: ='C1_Ethernet_Sin_Carga'!B43 | C7: ='C2_Ethernet_Carga_Media'!B43 | D7: ='C3_Ethernet_Carga_Alta'!B43
A8: Desv. típica e_y (mm) | B8: ='C1_Ethernet_Sin_Carga'!B44 | C8: ='C2_Ethernet_Carga_Media'!B44 | D8: ='C3_Ethernet_Carga_Alta'!B44
A9: Media e_r (mm) | B9: ='C1_Ethernet_Sin_Carga'!B45 | C9: ='C2_Ethernet_Carga_Media'!B45 | D9: ='C3_Ethernet_Carga_Alta'!B45
A10: Desv. típica e_r (mm) | B10: ='C1_Ethernet_Sin_Carga'!B46 | C10: ='C2_Ethernet_Carga_Media'!B46 | D10: ='C3_Ethernet_Carga_Alta'!B46
A11: Máx. e_r (mm) | B11: ='C1_Ethernet_Sin_Carga'!B47 | C11: ='C2_Ethernet_Carga_Media'!B47 | D11: ='C3_Ethernet_Carga_Alta'!B47
A12: Media |e_x| (mm) | B12: ='C1_Ethernet_Sin_Carga'!B48 | C12: ='C2_Ethernet_Carga_Media'!B48 | D12: ='C3_Ethernet_Carga_Alta'!B48
A13: Media |e_y| (mm) | B13: ='C1_Ethernet_Sin_Carga'!B49 | C13: ='C2_Ethernet_Carga_Media'!B49 | D13: ='C3_Ethernet_Carga_Alta'!B49

Sheet C1_Ethernet_Sin_Carga
A1: Hoja de Registro — M2 Precisión de Posicionado
A2: TFG - Teleoperación XR de RoArm M2 | Universidad de Málaga
A4: Condición: | B4: C1 — Ethernet sin carga
A5: Fecha: | B5: 21/08/2026
A6: Operador (Quest): | B6: Borja
A7: Observador:
A8: Tiempo de realización (mm:ss): | B8: 25:33.05
A9: Recalibraciones durante la sesión (nº): | B9: 2
A11: Nº | B11: Diana objetivo (1–9) | C11: e_x profundidad (mm) | D11: e_y lateral (mm) | E11: e_r radial (mm) | F11: Notas
A12: 1 | B12: 7 | C12: -25 | D12: 6 | E12: =IF(AND(C12<>"",D12<>""),SQRT(C12^2+D12^2),"")
A13: 2 | B13: 5 | C13: -2 | D13: 5 | E13: =IF(AND(C13<>"",D13<>""),SQRT(C13^2+D13^2),"")
A14: 3 | B14: 9 | C14: 9 | D14: 8 | E14: =IF(AND(C14<>"",D14<>""),SQRT(C14^2+D14^2),"")
A15: 4 | B15: 2 | C15: 14 | D15: 11 | E15: =IF(AND(C15<>"",D15<>""),SQRT(C15^2+D15^2),"")
A16: 5 | B16: 1 | C16: -9 | D16: 8 | E16: =IF(AND(C16<>"",D16<>""),SQRT(C16^2+D16^2),"")
A17: 6 | B17: 6 | C17: 22 | D17: 1 | E17: =IF(AND(C17<>"",D17<>""),SQRT(C17^2+D17^2),"")
A18: 7 | B18: 4 | C18: -35 | D18: 13 | E18: =IF(AND(C18<>"",D18<>""),SQRT(C18^2+D18^2),"")
A19: 8 | B19: 8 | C19: 14 | D19: -2 | E19: =IF(AND(C19<>"",D19<>""),SQRT(C19^2+D19^2),"")
A20: 9 | B20: 3 | C20: 10 | D20: -2 | E20: =IF(AND(C20<>"",D20<>""),SQRT(C20^2+D20^2),"")
A21: 10 | B21: 8 | C21: 17 | D21: 7 | E21: =IF(AND(C21<>"",D21<>""),SQRT(C21^2+D21^2),"")
A22: 11 | B22: 5 | C22: 2 | D22: 3 | E22: =IF(AND(C22<>"",D22<>""),SQRT(C22^2+D22^2),"")
A23: 12 | B23: 6 | C23: 6 | D23: 1 | E23: =IF(AND(C23<>"",D23<>""),SQRT(C23^2+D23^2),"")
... A38: 27 | B38: 3 | C38: 34 | D38: -10 | E38: =IF(AND(C38<>"",D38<>""),SQRT(C38^2+D38^2),"")
A40: Resumen estadístico
A41: Media e_x (mm) | B41: =AVERAGE(C12:C38)
A42: Desv. típica e_x (mm) | B42: =STDEV(C12:C38)
A43: Media e_y (mm) | B43: =AVERAGE(D12:D38)
A44: Desv. típica e_y (mm) | B44: =STDEV(D12:D38)
A45: Media e_r (mm) | B45: =AVERAGE(E12:E38)
A46: Desv. típica e_r (mm) | B46: =STDEV(E12:E38)
A47: Máx. e_r (mm) | B47: =MAX(E12:E38)
A48: Media |e_x| (mm) | B48: =SUMPRODUCT(ABS(C12:C38))/COUNT(C12:C38)
A49: Media |e_y| (mm) | B49: =SUMPRODUCT(ABS(D12:D38))/COUNT(D12:D38)

Sheet C2_Ethernet_Carga_Media
A1: Hoja de Registro — M2 Precisión de Posicionado
A2: TFG - Teleoperación XR de RoArm M2 | Universidad de Málaga
A4: Condición: | B4: C2 — Ethernet + Clumsy, carga media
A5: Fecha: | B5: 21/08/2026
A6: Operador (Quest): | B6: Borja
A7: Observador:
A8: Tiempo de realización (mm:ss): | B8: 22:26.20
A9: Recalibraciones durante la sesión (nº): | B9: 0
A11: Nº | B11: Diana objetivo (1–9) | C11: e_x profundidad (mm) | D11: e_y lateral (mm) | E11: e_r radial (mm) | F11: Notas
A12: 1 | B12: 3 | C12: 21 | D12: 0 | E12: =IF(AND(C12<>"",D12<>""),SQRT(C12^2+D12^2),"")
A13: 2 | B13: 5 | C13: -13 | D13: 4 | E13: =IF(AND(C13<>"",D13<>""),SQRT(C13^2+D13^2),"")
A14: 3 | B14: 4 | C14: -8 | D14: -3 | E14: =IF(AND(C14<>"",D14<>""),SQRT(C14^2+D14^2),"")
A15: 4 | B15: 1 | C15: 3 | D15: 0 | E15: =IF(AND(C15<>"",D15<>""),SQRT(C15^2+D15^2),"")
A16: 5 | B16: 7 | C16: -14 | D16: 1 | E16: =IF(AND(C16<>"",D16<>""),SQRT(C16^2+D16^2),"")
A17: 6 | B17: 2 | C17: 18 | D17: -8 | E17: =IF(AND(C17<>"",D17<>""),SQRT(C17^2+D17^2),"")
A18: 7 | B18: 6 | C18: -11 | D18: -6 | E18: =IF(AND(C18<>"",D18<>""),SQRT(C18^2+D18^2),"")
A19: 8 | B19: 8 | C19: 6 | D19: 1 | E19: =IF(AND(C19<>"",D19<>""),SQRT(C19^2+D19^2),"")
A20: 9 | B20: 9 | C20: -9 | D20: 19 | E20: =IF(AND(C20<>"",D20<>""),SQRT(C20^2+D20^2),"")
A21: 10 | B21: 8 | C21: -2 | D21: 4 | E21: =IF(AND(C21<>"",D21<>""),SQRT(C21^2+D21^2),"")
A22: 11 | B22: 1 | C22: 5 | D22: 4 | E22: =IF(AND(C22<>"",D22<>""),SQRT(C22^2+D22^2),"")
A23: 12 | B23: 2 | C23: 5 | D23: 4 | E23: =IF(AND(C23<>"",D23<>""),SQRT(C23^2+D23^2),"")
... A38: 27 | B38: 1 | C38: -22 | D38: 15 | E38: =IF(AND(C38<>"",D38<>""),SQRT(C38^2+D38^2),"")
A40: Resumen estadístico
A41: Media e_x (mm) | B41: =AVERAGE(C12:C38)
A42: Desv. típica e_x (mm) | B42: =STDEV(C12:C38)
A43: Media e_y (mm) | B43: =AVERAGE(D12:D38)
A44: Desv. típica e_y (mm) | B44: =STDEV(D12:D38)
A45: Media e_r (mm) | B45: =AVERAGE(E12:E38)
A46: Desv. típica e_r (mm) | B46: =STDEV(E12:E38)
A47: Máx. e_r (mm) | B47: =MAX(E12:E38)
A48: Media |e_x| (mm) | B48: =SUMPRODUCT(ABS(C12:C38))/COUNT(C12:C38)
A49: Media |e_y| (mm) | B49: =SUMPRODUCT(ABS(D12:D38))/COUNT(D12:D38)

Sheet C3_Ethernet_Carga_Alta
A1: Hoja de Registro — M2 Precisión de Posicionado
A2: TFG - Teleoperación XR de RoArm M2 | Universidad de Málaga
A4: Condición: | B4: C3 — Ethernet + Clumsy, carga alta
A5: Fecha: | B5: 22/08/2026
A6: Operador (Quest): | B6: Borja
A7: Observador:
A8: Tiempo de realización (mm:ss): | B8: 18:25.61
A9: Recalibraciones durante la sesión (nº): | B9: 0
A11: Nº | B11: Diana objetivo (1–9) | C11: e_x profundidad (mm) | D11: e_y lateral (mm) | E11: e_r radial (mm) | F11: Notas
A12: 1 | B12: 7 | C12: -23 | D12: -6 | E12: =IF(AND(C12<>"",D12<>""),SQRT(C12^2+D12^2),"")
A13: 2 | B13: 8 | C13: -8 | D13: 3 | E13: =IF(AND(C13<>"",D13<>""),SQRT(C13^2+D13^2),"")
A14: 3 | B14: 1 | C14: -5 | D14: 0 | E14: =IF(AND(C14<>"",D14<>""),SQRT(C14^2+D14^2),"")
A15: 4 | B15: 3 | C15: 18 | D15: -8 | E15: =IF(AND(C15<>"",D15<>""),SQRT(C15^2+D15^2),"")
A16: 5 | B16: 2 | C16: -7 | D16: -6 | E16: =IF(AND(C16<>"",D16<>""),SQRT(C16^2+D16^2),"")
A17: 6 | B17: 4 | C17: -18 | D17: -1 | E17: =IF(AND(C17<>"",D17<>""),SQRT(C17^2+D17^2),"")
A18: 7 | B18: 5 | C18: 13 | D18: 3 | E18: =IF(AND(C18<>"",D18<>""),SQRT(C18^2+D18^2),"")
A19: 8 | B19: 6 | C19: 15 | D19: 3 | E19: =IF(AND(C19<>"",D19<>""),SQRT(C19^2+D19^2),"")
A20: 9 | B20: 9 | C20: 18 | D20: 3 | E20: =IF(AND(C20<>"",D20<>""),SQRT(C20^2+D20^2),"")
A21: 10 | B21: 2 | C21: 35 | D21: -2 | E21: =IF(AND(C21<>"",D21<>""),SQRT(C21^2+D21^2),"")
A22: 11 | B22: 4 | C22: -13 | D22: -1 | E22: =IF(AND(C22<>"",D22<>""),SQRT(C22^2+D22^2),"")
A23: 12 | B23: 6 | C23: 35 | D23: 5 | E23: =IF(AND(C23<>"",D23<>""),SQRT(C23^2+D23^2),"")
... A38: 27 | B38: 9 | C38: 11 | D38: -2 | E38: =IF(AND(C38<>"",D38<>""),SQRT(C38^2+D38^2),"")
A40: Resumen estadístico
A41: Media e_x (mm) | B41: =AVERAGE(C12:C38)
A42: Desv. típica e_x (mm) | B42: =STDEV(C12:C38)
A43: Media e_y (mm) | B43: =AVERAGE(D12:D38)
A44: Desv. típica e_y (mm) | B44: =STDEV(D12:D38)
A45: Media e_r (mm) | B45: =AVERAGE(E12:E38)
A46: Desv. típica e_r (mm) | B46: =STDEV(E12:E38)
A47: Máx. e_r (mm) | B47: =MAX(E12:E38)
A48: Media |e_x| (mm) | B48: =SUMPRODUCT(ABS(C12:C38))/COUNT(C12:C38)
A49: Media |e_y| (mm) | B49: =SUMPRODUCT(ABS(D12:D38))/COUNT(D12:D38)
